Workbook

Sheet Summary
A1: The Squeeze Project — Donations
A2: Fee rates: Venmo 1.9%+$0.10 · Stripe 2.9%+$0.30 · Check/Zelle free
A4: Ambassador | B4: Camp | C4: Gross Raised | D4: Est. Fees | E4: Net Received | F4: Goal | G4: % to Goal
A5: Luke & Aria Kerman | B5: Camp IHC | C5: ='Luke & Aria Kerman'!C13 | D5: ='Luke & Aria Kerman'!E13 | E5: ='Luke & Aria Kerman'!C15 | F5: 2250 | G5: =C5/F5
A6: Tessa Forman | B6: Camp Pontiac | C6: ='Tessa Forman'!C22 | D6: ='Tessa Forman'!E22 | E6: ='Tessa Forman'!C24 | F6: 2250 | G6: =C6/F6
A7: Ben & Jack | B7: Camp Wah-Nee | C7: ='Ben & Jack'!C26 | D7: ='Ben & Jack'!E26 | E7: ='Ben & Jack'!C28 | F7: 2250 | G7: =C7/F7
A8: Jordana Brody | B8: Camp Westmont | C8: ='Jordana Brody'!C15 | D8: ='Jordana Brody'!E15 | E8: ='Jordana Brody'!C17 | F8: 2250 | G8: =C8/F8
A9: Parker Wellen | B9: Camp Pontiac | C9: ='Parker Wellen'!C9 | D9: ='Parker Wellen'!E9 | E9: ='Parker Wellen'!C11 | F9: 2250 | G9: =C9/F9
A11: TOTAL | C11: =SUM(C5:C9) | D11: =SUM(D5:D9) | E11: =SUM(E5:E9) | F11: 11250 | G11: =C11/F11

Sheet Luke & Aria Kerman
A1: Luke & Aria Kerman — Camp IHC
A2: Fees: Venmo 1.9%+$0.10 · Stripe 2.9%+$0.30 · Check/Zelle free
A4: Date | B4: Donor | C4: Amount | D4: Platform | E4: Est. Fee
A5: Mar 24 | B5: jayson@license-2-play.com | C5: 500 | D5: Stripe | E5: 14.8
A6: Mar 24 | B6: Jarret Kerman | C6: 10 | D6: Stripe | E6: 0.59
A7: Mar 25 | B7: Brooke Jung | C7: 100 | D7: Stripe | E7: 3.2
A8: Mar 25 | B8: Melanie Ringold | C8: 54 | D8: Stripe | E8: 1.87
A9: Mar 25 | B9: Jarret Kerman | C9: 200 | D9: Stripe | E9: 6.1
A10: Mar 25 | B10: Von Maur Foundation | C10: 250 | D10: Check | E10: 0
A11: Mar 25 | B11: David Brown | C11: 100 | D11: Zelle | E11: 0
A12: Mar 25 | B12: Craig Brown | C12: 50 | D12: Venmo | E12: 1.05
B13: TOTAL | C13: =SUM(C5:C12) | E13: =SUM(E5:E12)
B14: Est. Fees | C14: =-E13
B15: Net Received | C15: =C13+C14

Sheet Tessa Forman
A1: Tessa Forman — Camp Pontiac
A2: Fees: Venmo 1.9%+$0.10 · Stripe 2.9%+$0.30 · Check/Zelle free
A4: Date | B4: Donor | C4: Amount | D4: Platform | E4: Est. Fee
A5: Mar 24 | B5: Allison Slansky | C5: 25 | D5: Venmo | E5: 0.57
A6: Mar 24 | B6: Annabelle Greenberg | C6: 15 | D6: Venmo | E6: 0.39
A7: Mar 24 | B7: Joshua Henkel | C7: 36 | D7: Venmo | E7: 0.78
A8: Mar 24 | B8: Jen Seiden | C8: 36 | D8: Venmo | E8: 0.78
A9: Mar 24 | B9: Robyn Kreiner | C9: 36 | D9: Venmo | E9: 0.78
A10: Mar 24 | B10: Erica Polavieja | C10: 50 | D10: Venmo | E10: 1.05
A11: Mar 24 | B11: Marissa Drogin | C11: 25 | D11: Venmo | E11: 0.57
A12: Mar 24 | B12: Cori Zummo | C12: 25 | D12: Venmo | E12: 0.57
A13: Mar 24 | B13: Lindsey Schnepper | C13: 100 | D13: Venmo | E13: 2
A14: Mar 24 | B14: Christine Schwartz | C14: 50 | D14: Stripe | E14: 1.75
A15: Mar 24 | B15: sarimskier@gmail.com | C15: 25 | D15: Stripe | E15: 1.03
A16: Mar 25 | B16: Jen Schwartz | C16: 100 | D16: Venmo | E16: 2
... A21: Mar 25 | B21: Rose | C21: 100 | D21: Check | E21: 0
B22: TOTAL | C22: =SUM(C5:C21) | E22: =SUM(E5:E21)
B23: Est. Fees | C23: =-E22
B24: Net Received | C24: =C22+C23

Sheet Ben & Jack
A1: Ben & Jack — Camp Wah-Nee
A2: Fees: Venmo 1.9%+$0.10 · Stripe 2.9%+$0.30 · Check/Zelle free
A4: Date | B4: Donor | C4: Amount | D4: Platform | E4: Est. Fee
A5: Mar 25 | B5: Jayson Siano | C5: 200 | D5: Stripe | E5: 6.1
A6: Mar 25 | B6: Jessica Zipkin | C6: 150 | D6: Venmo | E6: 2.95
A7: Mar 25 | B7: Stephanie Barilan | C7: 150 | D7: Venmo | E7: 2.95
A8: Mar 25 | B8: Evane Klein | C8: 100 | D8: Venmo | E8: 2
A9: Mar 25 | B9: Dana Block | C9: 100 | D9: Venmo | E9: 2
A10: Mar 25 | B10: Jessica Goldstein | C10: 50 | D10: Venmo | E10: 1.05
A11: Mar 25 | B11: Jessica Greenwald | C11: 50 | D11: Venmo | E11: 1.05
A12: Mar 25 | B12: Jaclyn Vida | C12: 50 | D12: Venmo | E12: 1.05
A13: Mar 25 | B13: Alyse Stern | C13: 50 | D13: Venmo | E13: 1.05
A14: Mar 25 | B14: ali horowitz | C14: 50 | D14: Venmo | E14: 1.05
A15: Mar 25 | B15: Dina Goldberg | C15: 50 | D15: Venmo | E15: 1.05
A16: Mar 25 | B16: Liz Beler | C16: 40 | D16: Venmo | E16: 0.86
... A27: Mar 25 | B27: Stacey Selenfriend | C27: 15 | D27: Venmo | E27: 0.39
B28: TOTAL | C28: =SUM(C5:C25) | E28: =SUM(E5:E25)
B29: Est. Fees | C29: =-E26
B30: Net Received | C30: =C26+C27

Sheet Jordana Brody
A1: Jordana Brody — Camp Westmont
A2: Fees: Venmo 1.9%+$0.10 · Stripe 2.9%+$0.30 · Check/Zelle free
A4: Date | B4: Donor | C4: Amount | D4: Platform | E4: Est. Fee
A5: Mar 24 | B5: Evan Krakauer | C5: 25 | D5: Venmo | E5: 0.57
A6: Mar 25 | B6: hallie polsky | C6: 36 | D6: Venmo | E6: 0.78
A7: Mar 25 | B7: Alexa Scalzi | C7: 30 | D7: Venmo | E7: 0.67
A8: Mar 25 | B8: Jaimee Manger | C8: 20 | D8: Venmo | E8: 0.48
A9: Mar 25 | B9: Karen Ganz | C9: 18 | D9: Venmo | E9: 0.44
A10: Mar 25 | B10: Debbi Kauffman | C10: 100 | D10: Venmo | E10: 2
A11: Mar 25 | B11: Jan Mirman | C11: 50 | D11: Venmo | E11: 1.05
A12: Mar 25 | B12: Beth Brody | C12: 100 | D12: Venmo | E12: 2
A13: Mar 25 | B13: Steve Kreinik | C13: 250 | D13: Zelle | E13: 0
A14: Mar 25 | B14: Eileen Linde | C14: 100 | D14: Venmo | E14: 2
B15: TOTAL | C15: =SUM(C5:C14) | E15: =SUM(E5:E14)
B16: Est. Fees | C16: =-E15
B17: Net Received | C17: =C15+C16

Sheet Parker Wellen
A1: Parker Wellen — Camp Pontiac
A2: Fees: Venmo 1.9%+$0.10 · Stripe 2.9%+$0.30 · Check/Zelle free
A4: Date | B4: Donor | C4: Amount | D4: Platform | E4: Est. Fee
A5: Mar 25 | B5: Jason Hornig | C5: 25 | D5: Venmo | E5: 0.57
A6: Mar 25 | B6: Meredith Wellen | C6: 36 | D6: Venmo | E6: 0.78
A7: Mar 25 | B7: Meredith Wellen | C7: 50 | D7: Venmo | E7: 1.05
A8: Mar 25 | B8: Lindsay Koonin | C8: 118 | D8: Venmo | E8: 2.34
B9: TOTAL | C9: =SUM(C5:C8) | E9: =SUM(E5:E8)
B10: Est. Fees | C10: =-E9
B11: Net Received | C11: =C9+C10
